site,dnds,logL,LRT,pval
1,0.06687,-156.32457,65.09513,0.00000
2,0.01670,-77.20204,104.69908,0.00000
3,0.03834,-165.45179,83.23576,0.00000
4,0.10975,-267.33075,34.20608,0.00000
5,0.04402,-25.86296,37.21910,0.00000
6,0.03607,-145.88437,88.99966,0.00000
7,0.11386,-230.26062,64.13834,0.00000
8,0.00000,-192.11541,87.49665,0.00000
9,0.03765,-112.57032,84.71518,0.00000
10,0.00000,-138.39713,87.49624,0.00000
11,0.06630,-111.55257,66.10189,0.00000
12,0.34224,-211.31240,25.77015,0.00000
13,0.25637,-181.90771,41.33449,0.00000
14,0.59758,-212.89626,7.91536,0.00245
15,0.24886,-228.56285,42.82154,0.00000
16,0.00000,-92.01475,104.11865,0.00000
17,0.14283,-111.90939,55.35951,0.00000
18,0.00000,-101.57332,62.75938,0.00000
19,0.08006,-130.37092,70.19416,0.00000
20,0.14832,-138.92501,57.80277,0.00000
21,0.00000,-107.87372,115.83649,0.00000
22,0.07533,-223.24925,74.02100,0.00000
23,0.00000,-180.18170,77.45257,0.00000
24,0.03116,-61.93680,105.53899,0.00000
25,0.00000,-147.14227,108.18021,0.00000
26,0.17183,-154.49188,57.18902,0.00000
27,0.00000,-110.61620,57.18683,0.00000
28,0.11257,-91.16870,63.98332,0.00000
29,0.01663,-80.74603,105.22574,0.00000
30,0.12649,-238.17187,48.07935,0.00000
31,0.45856,-191.33814,13.04997,0.00015
32,0.03316,-209.47240,98.26291,0.00000
33,0.19462,-192.44039,47.05664,0.00000
34,0.06471,-161.53413,67.74692,0.00000
35,0.00000,-88.34510,57.21007,0.00000
36,0.01878,-222.05186,92.18249,0.00000
37,0.00000,-146.72764,115.39096,0.00000
38,0.05749,-198.95098,77.26787,0.00000
39,0.01674,-63.64767,104.39871,0.00000
40,0.09409,-141.38662,69.20193,0.00000
41,0.17755,-239.46213,39.22752,0.00000
42,0.18662,-128.11830,45.66870,0.00000
43,0.07579,-120.37479,72.64655,0.00000
44,0.10087,-141.13940,75.21420,0.00000
45,0.03816,-163.87049,83.99209,0.00000
46,0.00000,-148.24126,88.80538,0.00000
47,0.04346,-185.44659,73.03145,0.00000
48,0.01764,-118.41596,98.88953,0.00000
49,0.03350,-33.30293,146.07580,0.00000
50,0.04030,-15.93729,40.67729,0.00000
51,0.00000,-118.56918,89.74432,0.00000
52,0.00000,-163.88767,99.99919,0.00000
53,0.00000,-81.60031,108.97762,0.00000
54,0.00000,-104.90090,113.46514,0.00000
55,0.00000,-134.52525,115.55880,0.00000
56,0.01926,-124.52332,90.12730,0.00000
57,0.00000,-159.02236,99.99907,0.00000
58,0.02843,-166.68259,58.37753,0.00000
59,0.11787,-86.27224,90.17999,0.00000
60,0.30269,-274.01930,27.42016,0.00000
61,0.10575,-93.66366,59.22398,0.00000
62,0.05063,-131.66461,90.31810,0.00000
63,0.05421,-83.27212,83.24273,0.00000
64,0.00000,-88.01902,123.69835,0.00000
65,0.11191,-223.59215,44.68143,0.00000
66,0.01896,-49.46456,90.82819,0.00000
67,0.00000,-78.94622,87.47329,0.00000
68,0.09707,-152.01418,66.36994,0.00000
69,1.00000,0.00000,0.00000,1.00000
70,0.01844,-152.65866,94.11689,0.00000
71,0.10351,-232.44793,76.06782,0.00000
72,0.05769,-252.53554,76.85022,0.00000
73,0.14428,-130.16255,60.45554,0.00000
74,0.07235,-106.57628,77.19768,0.00000
75,0.00000,-161.55356,106.40063,0.00000
76,0.02903,-150.86830,57.70397,0.00000
77,0.03107,-102.55987,104.89220,0.00000
78,0.02556,-71.03246,66.86996,0.00000
79,0.00000,-72.46143,77.45251,0.00000
80,0.01674,-45.15412,104.44678,0.00000
81,0.00000,-82.22148,114.64073,0.00000
82,0.00000,-120.15997,116.10078,0.00000
83,1.00000,0.00000,0.00000,1.00000
84,0.03283,-95.40300,99.31200,0.00000
85,0.20653,-266.23030,30.65194,0.00000
86,0.25819,-164.94061,35.28458,0.00000
87,0.12383,-119.22309,66.27748,0.00000
88,0.29058,-171.86465,27.92054,0.00000
89,0.04030,-16.93843,40.68024,0.00000
90,0.20256,-169.93483,44.44577,0.00000
91,0.36966,-274.43111,25.46920,0.00000
92,0.01701,-72.27176,102.72432,0.00000
93,0.01895,-75.15497,90.86229,0.00000
94,0.03779,-101.26577,84.28436,0.00000
95,0.09644,-140.53806,66.57668,0.00000
96,0.00000,-80.29227,57.30235,0.00000
97,0.01918,-141.98676,90.08216,0.00000
98,0.04634,-210.10530,67.39613,0.00000
99,0.01847,-141.74943,93.98321,0.00000
100,0.08992,-167.23862,58.19449,0.00000
101,0.01895,-101.99172,90.85427,0.00000
102,0.00000,-170.77215,87.48800,0.00000
103,0.06667,-293.80470,85.85691,0.00000
104,0.01811,-109.07015,95.60583,0.00000
105,0.00000,-106.34297,111.26049,0.00000
106,0.02232,-207.90542,77.87091,0.00000
107,0.06989,-81.15379,81.09946,0.00000
108,0.09340,-161.73493,70.39560,0.00000
109,0.05977,-191.89933,73.57624,0.00000
110,0.00000,-63.33704,57.17952,0.00000
111,0.00000,-119.37805,108.97765,0.00000
112,0.32014,-217.08975,35.24756,0.00000
113,0.00000,-171.03673,87.48874,0.00000
114,0.00000,-160.46600,116.67294,0.00000
115,0.28574,-214.66858,33.15781,0.00000
116,0.00000,-176.08173,88.80000,0.00000
117,0.12168,-117.61687,57.56411,0.00000
118,0.00000,-131.03428,108.97810,0.00000
119,0.53448,-304.76815,11.58411,0.00033
120,0.30025,-282.91560,33.91978,0.00000
121,0.00000,-126.18312,115.72770,0.00000
122,0.11487,-124.25585,63.01104,0.00000
123,0.04622,-81.75041,99.35335,0.00000
124,0.00000,-99.72883,115.07482,0.00000
125,0.01844,-137.11679,94.12162,0.00000
126,0.09082,-184.58971,73.89434,0.00000
127,0.08021,-155.53097,68.86436,0.00000
128,0.00000,-201.93347,53.58588,0.00000
129,0.00000,-130.62895,106.39464,0.00000
130,0.00000,-175.89808,88.80269,0.00000
131,0.04052,-91.57005,77.65992,0.00000
132,0.00000,-130.29280,87.49606,0.00000
133,0.00000,-89.97527,115.23077,0.00000
134,0.01764,-156.05696,98.89711,0.00000
135,0.02449,-82.78760,70.17451,0.00000
136,0.01674,-79.86871,104.45568,0.00000
137,0.00000,-102.35855,83.97981,0.00000
138,0.04470,-161.82888,71.02430,0.00000
139,0.00000,-225.58191,108.19838,0.00000
140,0.10999,-142.46211,68.71579,0.00000
141,0.03539,-157.71859,91.29449,0.00000
142,0.17022,-108.22093,59.59577,0.00000
143,0.03885,-78.74608,84.18900,0.00000
144,0.06727,-175.17986,84.88864,0.00000
145,0.03644,-116.78993,87.92893,0.00000
146,0.08723,-164.52848,77.34437,0.00000
147,0.13588,-210.60600,58.03263,0.00000
148,0.00000,-143.14677,116.10982,0.00000
149,0.00000,-145.77999,77.25802,0.00000
150,0.00000,-87.20275,77.45299,0.00000
151,0.00000,-150.93060,115.63309,0.00000
152,0.01723,-77.11078,101.14826,0.00000
153,0.00000,-89.14359,115.23854,0.00000
154,0.01924,-146.41507,89.56294,0.00000
155,0.03840,-262.40740,82.94840,0.00000
156,0.00000,-54.73577,108.97770,0.00000
157,0.05278,-101.95081,87.31732,0.00000
158,0.13380,-120.27123,68.47652,0.00000
159,0.00000,-80.96529,115.23296,0.00000
160,0.18909,-136.37216,51.13138,0.00000
161,0.00000,-169.42119,77.45271,0.00000
162,0.03848,-201.76623,82.76532,0.00000
163,0.00000,-85.26776,130.72885,0.00000
164,0.05552,-230.02031,80.36715,0.00000
165,0.01384,-46.48819,127.28573,0.00000
166,0.01842,-143.46809,94.64061,0.00000
167,0.03396,-59.24954,48.37855,0.00000
168,0.18283,-266.36499,53.03248,0.00000
169,0.15342,-182.50417,56.48548,0.00000
170,0.27573,-147.21785,36.64807,0.00000
171,0.25629,-151.91719,38.64260,0.00000
172,0.24050,-145.22621,33.38198,0.00000
173,0.13304,-127.47732,59.25413,0.00000
174,0.10438,-256.03272,60.65264,0.00000
175,0.06951,-82.96102,62.54831,0.00000
176,0.09531,-148.25496,67.30535,0.00000
177,0.09168,-157.91202,63.44211,0.00000
178,0.01886,-66.95886,91.45843,0.00000
179,0.17651,-192.67579,51.54393,0.00000
180,0.05604,-136.85232,79.46708,0.00000
181,0.09714,-131.25218,79.81891,0.00000
182,0.00000,-165.70418,88.79973,0.00000
183,0.16612,-193.34700,47.67232,0.00000
184,0.01813,-96.59957,95.48703,0.00000
185,0.23095,-137.00906,41.92091,0.00000
186,0.13737,-158.60106,66.31256,0.00000
187,0.03672,-240.81885,44.46457,0.00000
188,0.00000,-132.05163,108.97807,0.00000
189,0.09020,-124.49562,86.44790,0.00000
190,1.00000,0.00000,0.00000,1.00000
191,0.01801,-91.88095,96.25875,0.00000
192,0.02883,-208.86487,57.75265,0.00000
193,0.00000,-138.89172,89.74808,0.00000
194,0.00000,-85.81542,87.48474,0.00000
195,0.00000,-71.84294,114.95447,0.00000
196,0.02166,-140.05506,78.84136,0.00000
197,0.00000,-153.85590,114.86618,0.00000
198,0.03634,-93.10601,88.18133,0.00000
199,0.05323,-92.89483,84.97829,0.00000
200,0.05559,-118.35321,81.05545,0.00000
201,0.09935,-93.81212,76.48530,0.00000
202,0.07368,-174.15179,57.61929,0.00000
203,0.02345,-99.70561,73.69587,0.00000
204,0.00000,-82.16515,87.47228,0.00000
205,0.05804,-203.27010,76.75311,0.00000
206,0.04274,-94.97473,108.69022,0.00000
207,0.11612,-215.35365,61.91542,0.00000
208,0.01670,-82.59175,102.93180,0.00000
209,0.03796,-120.05357,83.71007,0.00000
210,0.01844,-167.66962,94.12062,0.00000
211,0.11041,-120.27871,77.21151,0.00000
212,0.12818,-130.68209,62.62739,0.00000
213,0.03324,-128.62353,97.79346,0.00000
214,0.16956,-204.91524,53.33617,0.00000
215,0.14562,-230.75450,30.39276,0.00000
216,0.00000,-190.97045,106.58972,0.00000
217,0.03534,-126.91393,91.54369,0.00000
218,0.00000,-221.86446,53.17186,0.00000
219,0.03571,-125.81030,90.30771,0.00000
220,0.00000,-267.31907,54.22891,0.00000
221,0.00000,-137.03531,104.11888,0.00000
222,0.00000,-126.10653,87.49457,0.00000
223,0.01765,-108.97065,98.84650,0.00000
224,0.00000,-72.48248,123.48058,0.00000
225,0.00000,-180.18416,99.99887,0.00000
226,0.00000,-85.80360,99.99905,0.00000
227,0.01845,-134.83890,94.08105,0.00000
228,0.01964,-109.58071,87.74819,0.00000
229,0.00000,-70.22337,100.79005,0.00000
230,0.01115,-13.85300,161.51997,0.00000
231,0.01897,-83.70020,90.92124,0.00000
232,0.00000,-62.14368,100.79130,0.00000
233,0.01845,-134.70278,94.08131,0.00000
234,0.02633,-248.58934,64.52446,0.00000
235,0.05516,-175.65389,81.37376,0.00000
236,0.00000,-79.40399,114.83003,0.00000
237,0.11341,-156.11380,66.05845,0.00000
238,0.00000,-66.40761,87.47182,0.00000
239,0.02831,-48.52165,116.59613,0.00000
240,0.00000,-86.84272,116.47922,0.00000
241,0.00000,-129.42554,77.45270,0.00000
242,0.00000,-69.52684,57.22391,0.00000
243,0.00000,-86.81434,108.97788,0.00000
244,0.05935,-140.26071,74.76403,0.00000
245,0.01844,-156.37055,94.13062,0.00000
246,0.09534,-215.88969,69.21164,0.00000
247,0.14243,-125.90816,61.39984,0.00000
248,0.24941,-192.88636,40.24628,0.00000
249,0.09545,-136.10362,67.16414,0.00000
250,0.04338,-135.93229,73.20177,0.00000
251,0.00000,-148.99514,108.97754,0.00000
252,0.00000,-73.78169,115.24854,0.00000
253,0.14239,-151.46801,60.78414,0.00000
254,0.00000,-73.72850,100.80677,0.00000
255,0.00000,-101.96739,118.14296,0.00000
256,0.01917,-134.22624,90.08973,0.00000
257,0.01800,-124.75583,96.32802,0.00000
258,0.00000,-242.93712,66.65336,0.00000
259,1.00000,0.00000,0.00000,1.00000
260,0.01945,-155.89647,90.28642,0.00000
261,0.00000,-142.75547,89.75247,0.00000
262,0.03694,-116.31041,86.90640,0.00000
263,0.05310,-157.56366,85.23860,0.00000
264,0.00000,-139.16210,88.80911,0.00000
265,0.00000,-191.90214,108.97791,0.00000
266,0.03561,-34.39347,136.92958,0.00000
267,0.05231,-177.54655,85.33708,0.00000
268,0.05873,-258.23985,49.98427,0.00000
269,0.00000,-248.58387,53.86022,0.00000
270,0.00000,-133.53165,78.54227,0.00000
271,0.04556,-102.05169,69.48471,0.00000
272,0.17650,-181.01799,50.61406,0.00000
273,0.00000,-59.58124,123.57797,0.00000
274,0.01918,-95.45107,90.03663,0.00000
275,0.04469,-97.84585,71.02657,0.00000
276,0.00000,-130.08646,111.26811,0.00000
277,0.00000,-161.71813,77.45300,0.00000
278,0.00000,-113.59204,111.26285,0.00000
279,0.02092,-142.56650,83.31233,0.00000
280,0.06472,-210.91282,88.08045,0.00000
281,0.11691,-185.10183,70.73050,0.00000
282,0.02232,-21.69440,153.21452,0.00000
283,0.00000,-109.41932,106.41128,0.00000
284,0.00000,-46.16333,100.78975,0.00000
285,0.00000,-117.98856,104.11869,0.00000
286,0.00000,-92.79975,89.75695,0.00000
287,0.02200,-216.74445,79.13801,0.00000
288,0.05315,-186.03778,85.12497,0.00000
289,0.00000,-121.83308,106.39799,0.00000
290,0.02233,-75.52129,77.82726,0.00000
291,0.15942,-194.33347,52.12658,0.00000
292,0.02952,-236.44321,112.49169,0.00000
293,0.02825,-52.64677,117.61074,0.00000
294,0.01844,-141.00731,94.12373,0.00000
295,0.05563,-153.95824,80.48344,0.00000
296,0.01593,-71.48178,109.95357,0.00000
297,0.00000,-57.97072,115.69312,0.00000
298,0.00000,-134.85932,77.45300,0.00000
299,0.00000,-162.59107,114.79585,0.00000
300,0.00000,-61.15932,76.60629,0.00000
301,0.00000,-130.65531,108.97816,0.00000
302,0.02382,-113.40343,71.03523,0.00000
303,0.00000,-157.46392,99.99879,0.00000
304,0.01811,-124.50638,96.77052,0.00000
305,1.00000,0.00000,0.00000,1.00000
306,0.00000,-79.80673,115.89888,0.00000
307,0.00000,-114.78305,100.79417,0.00000
308,0.01846,-124.56266,94.02714,0.00000
309,0.03695,-176.87637,86.85724,0.00000
310,0.01789,-114.02909,97.09384,0.00000
311,0.00000,-107.60795,109.20542,0.00000
312,0.02199,-180.07359,79.16044,0.00000
313,1.00000,0.00000,0.00000,1.00000
314,0.01795,-88.26149,97.53277,0.00000
315,0.00000,-146.35609,104.11867,0.00000
316,0.01765,-119.23783,98.85498,0.00000
317,0.00000,-139.34222,87.49666,0.00000
318,0.02234,-150.59433,77.81874,0.00000
319,0.00000,-69.17605,114.56755,0.00000
320,0.13338,-206.05188,59.56459,0.00000
321,0.35168,-229.98409,29.45832,0.00000
322,0.05561,-117.89842,80.24540,0.00000
323,0.08144,-172.69101,67.06538,0.00000
324,0.00000,-103.76758,88.81459,0.00000
325,0.00000,-171.46344,87.49252,0.00000
326,0.03395,-77.37012,48.53823,0.00000
327,0.00000,-126.62953,130.72885,0.00000
328,0.01723,-160.78032,101.07883,0.00000
329,0.07325,-102.33789,76.82642,0.00000
330,0.26203,-222.62900,34.03084,0.00000
331,0.00000,-110.86919,112.78283,0.00000
332,0.41830,-170.00557,19.57661,0.00000
333,0.00000,-79.88127,106.39867,0.00000
334,0.11904,-145.54377,60.98025,0.00000
335,0.00000,-54.67114,100.78953,0.00000
336,0.20589,-169.19455,55.71974,0.00000
337,0.01857,-124.31490,93.12280,0.00000
338,0.00000,-155.65741,112.65822,0.00000
339,0.00000,-125.90617,87.48597,0.00000
340,0.01895,-95.61623,90.85783,0.00000
341,0.00000,-138.64939,106.39188,0.00000
342,0.00000,-85.67270,76.69553,0.00000
343,1.00000,0.00000,0.00000,1.00000
344,0.06920,-161.91167,81.81586,0.00000
345,0.16970,-147.06655,42.00881,0.00000
346,0.00000,-102.26792,116.04495,0.00000
347,0.20421,-124.93180,40.44340,0.00000
348,0.17070,-150.99764,52.26312,0.00000
349,1.00000,0.00000,0.00000,1.00000
350,0.06915,-201.81743,81.57497,0.00000
351,0.01764,-160.35679,98.90595,0.00000
352,0.09120,-188.08638,71.63140,0.00000
353,0.04518,-208.28438,70.17511,0.00000
354,0.52152,-237.17966,11.88860,0.00028
355,0.00000,-210.22689,116.67359,0.00000
356,0.09110,-136.64473,71.60644,0.00000
357,0.03534,-143.87285,91.55710,0.00000
358,0.01917,-131.66187,90.09479,0.00000
359,1.00000,0.00000,0.00000,1.00000
360,0.00000,-115.15517,88.82100,0.00000
361,0.01918,-99.43954,90.07911,0.00000
362,0.00000,-112.39695,87.48432,0.00000
363,0.01474,-147.48349,120.27326,0.00000
364,0.03109,-196.61034,104.77770,0.00000
365,0.01815,-56.18277,95.42432,0.00000
366,0.14446,-158.26256,52.56548,0.00000
367,0.00000,-92.41352,114.41718,0.00000
368,0.03450,-89.37609,93.80270,0.00000
369,0.05423,-176.22985,82.69248,0.00000
370,0.01513,-74.57245,115.41357,0.00000
371,0.03693,-95.73236,86.91616,0.00000
372,0.05397,-141.06104,83.37282,0.00000
373,0.03897,-159.11841,83.08364,0.00000
374,0.00000,-202.89957,56.37180,0.00000
375,0.08412,-314.84884,79.04395,0.00000
376,0.01811,-126.78238,95.63519,0.00000
377,0.05479,-131.92750,82.25531,0.00000
378,0.03331,-185.61751,97.72451,0.00000
379,0.03627,-81.80474,88.37391,0.00000
380,0.18941,-129.55565,48.71620,0.00000
381,0.00000,-148.00000,99.99889,0.00000
382,0.09916,-150.04348,77.21454,0.00000
383,0.00000,-66.99009,57.19813,0.00000
384,0.00000,-161.11980,67.57588,0.00000
385,0.00000,-135.65756,130.71021,0.00000
386,0.00000,-224.72609,124.60626,0.00000
387,0.01811,-94.20609,95.62957,0.00000
388,0.00000,-176.08264,108.97816,0.00000
389,0.04403,-71.18899,72.31619,0.00000
390,0.09052,-192.34870,72.26914,0.00000
391,0.11639,-154.75854,61.58729,0.00000
392,0.00000,-58.19302,100.79230,0.00000
393,0.00000,-103.77053,77.45263,0.00000
394,0.41114,-180.55887,15.65416,0.00004
395,0.01811,-112.99936,95.62386,0.00000
396,0.01764,-169.50592,98.89847,0.00000
397,0.15496,-108.28240,61.26963,0.00000
398,0.21946,-305.31019,39.78537,0.00000
399,0.08765,-125.30043,75.67776,0.00000
400,0.01799,-161.42442,96.35490,0.00000
401,1.00000,0.00000,0.00000,1.00000
402,0.00000,-120.78373,106.40660,0.00000
403,0.02306,-126.49769,75.05199,0.00000
404,0.01918,-120.42257,90.07334,0.00000
405,0.05772,-226.43426,76.80699,0.00000
406,0.00000,-117.69851,108.97767,0.00000
407,0.00000,-132.77244,108.97760,0.00000
408,0.00000,-97.77639,106.41185,0.00000
409,0.00000,-138.06863,112.68573,0.00000
410,0.00000,-167.86702,79.68683,0.00000
411,0.03804,-92.57812,83.50763,0.00000
412,1.00000,0.00000,0.00000,1.00000
413,0.00000,-148.40021,115.77268,0.00000
414,0.01844,-218.99430,94.12568,0.00000
415,0.00000,-137.33716,111.25546,0.00000
416,0.02199,-119.86960,79.15711,0.00000
417,0.15604,-169.46875,53.40025,0.00000
418,0.05547,-175.05157,80.75662,0.00000
419,0.12905,-172.85841,62.39890,0.00000
420,0.00000,-59.41317,124.35057,0.00000
421,0.00000,-139.22077,99.99881,0.00000
422,0.01424,-69.33788,123.20739,0.00000
423,0.01800,-105.30904,96.28491,0.00000
424,0.02232,-94.45793,77.86110,0.00000
425,0.00000,-60.87171,123.50294,0.00000
426,0.00000,-105.86352,103.51546,0.00000
427,0.00000,-86.10272,100.16888,0.00000
428,0.03849,-128.64315,84.39787,0.00000
429,0.01811,-74.74647,95.62738,0.00000
430,0.00000,-64.52414,87.47332,0.00000
431,0.03842,-185.29047,82.92592,0.00000
432,0.00000,-55.42601,129.25566,0.00000
433,0.21958,-268.56548,23.48912,0.00000
434,0.05394,-121.99629,83.62394,0.00000
435,0.12706,-127.12991,63.42397,0.00000
436,0.01649,-118.48849,106.18012,0.00000
437,0.15103,-153.29135,49.90744,0.00000
438,0.01895,-72.12381,90.89408,0.00000
439,0.01994,-160.47014,86.81323,0.00000
440,0.00000,-162.74692,99.99907,0.00000
441,0.05402,-204.05872,83.10429,0.00000
442,0.00000,-230.78729,53.48849,0.00000
443,0.00000,-171.14460,104.11860,0.00000
444,0.00000,-42.99631,114.64493,0.00000
445,0.00000,-218.45084,87.48749,0.00000
446,0.03513,-48.76150,138.69734,0.00000
447,0.02233,-64.98884,77.80421,0.00000
448,0.07721,-136.71729,71.24081,0.00000
449,0.01764,-132.30218,98.88607,0.00000
450,0.12834,-161.77029,54.62426,0.00000
451,0.06020,-173.39927,72.93768,0.00000
452,0.01474,-129.74888,120.27666,0.00000
453,0.00000,-115.12683,104.11888,0.00000
454,0.00000,-161.87479,104.11869,0.00000
455,0.00000,-62.10641,57.22539,0.00000
456,0.00000,-63.13271,124.10952,0.00000
457,0.01566,-47.70740,112.46063,0.00000
458,0.00000,-51.05251,116.08235,0.00000
459,0.00000,-51.44785,115.68736,0.00000
460,0.12930,-119.15488,70.36803,0.00000
461,0.01666,-142.19367,104.97360,0.00000
462,0.00000,-60.21030,124.54523,0.00000
463,0.06921,-129.17575,81.81728,0.00000
464,0.39749,-248.99077,18.23673,0.00001
465,0.26807,-208.38609,34.90630,0.00000
466,0.03814,-95.60983,83.85358,0.00000
467,0.03798,-79.15011,83.64645,0.00000
468,0.06918,-114.05999,83.06065,0.00000
469,0.01799,-127.83905,96.36433,0.00000
470,0.00000,-84.33328,57.26202,0.00000
471,0.00000,-161.17064,77.45264,0.00000
472,0.17806,-177.07210,60.32062,0.00000
473,0.09804,-140.99326,53.06068,0.00000
474,0.12059,-99.29488,89.57451,0.00000
475,0.00000,-77.47765,115.51918,0.00000
476,0.04963,-77.69171,61.18947,0.00000
477,0.00000,-156.26379,87.49240,0.00000
478,0.13327,-274.70615,34.21118,0.00000
479,0.09147,-190.22267,71.64516,0.00000
480,0.06929,-132.66979,81.70158,0.00000
481,0.01799,-110.84167,96.34586,0.00000
482,0.05703,-90.25026,77.59751,0.00000
483,0.03603,-159.18805,89.09840,0.00000
484,0.04262,-164.23107,74.82192,0.00000
485,0.00000,-170.77795,104.11891,0.00000
486,0.06516,-149.91581,67.32132,0.00000
487,1.00000,0.00000,0.00000,1.00000
488,0.03591,-104.43226,89.49049,0.00000
489,0.01895,-46.36753,90.85102,0.00000
490,0.03695,-199.98888,86.88935,0.00000
491,0.00000,-63.32100,105.65439,0.00000
492,0.01117,-14.91254,161.18978,0.00000
493,0.00000,-178.41001,73.90430,0.00000
494,0.02811,-177.53704,60.00178,0.00000
495,0.03604,-260.67633,89.07661,0.00000
496,0.05456,-215.13540,84.45491,0.00000
497,0.06532,-179.08241,88.07350,0.00000
498,0.05448,-161.02100,82.67297,0.00000
499,0.00000,-70.23401,108.97766,0.00000
500,0.00000,-97.07860,87.47858,0.00000
501,0.00000,-59.67312,100.79038,0.00000
502,0.01655,-127.31202,105.78368,0.00000
503,0.00000,-212.33213,108.92972,0.00000
504,0.05048,-100.83558,90.33718,0.00000
505,0.00000,-106.65876,87.48107,0.00000
506,0.05346,-148.69781,86.89736,0.00000
507,0.09191,-145.15928,72.57454,0.00000
508,0.02199,-168.08631,79.16666,0.00000
509,0.09575,-141.25244,67.64481,0.00000
510,0.00000,-92.28485,87.47558,0.00000
511,0.03803,-105.12177,83.54662,0.00000
512,0.01664,-106.56136,103.30181,0.00000
513,0.05706,-90.20842,77.55076,0.00000
514,0.03626,-133.11305,88.38887,0.00000
515,0.17985,-187.58084,50.53372,0.00000
516,0.11928,-153.28633,59.66519,0.00000
517,0.03770,-131.76726,85.39940,0.00000
518,0.12173,-116.41821,76.36533,0.00000
519,0.05432,-163.16474,82.53349,0.00000
520,0.01646,-147.29757,106.39420,0.00000
521,0.01895,-94.87833,90.85899,0.00000
522,0.07505,-182.13778,56.38098,0.00000
523,0.00000,-130.35348,105.05609,0.00000
524,0.03401,-217.02248,48.20449,0.00000
525,0.03485,-137.50093,91.61385,0.00000
526,0.00000,-101.64843,115.90396,0.00000
527,0.00000,-70.85977,100.79027,0.00000
528,0.10772,-140.96312,58.29921,0.00000
529,0.00000,-113.78240,124.17410,0.00000
530,0.05544,-100.86320,80.88748,0.00000
531,0.01764,-234.87017,98.87903,0.00000
532,0.02206,-126.74163,78.91925,0.00000
533,0.03856,-117.92715,82.57740,0.00000
534,0.09397,-122.61828,68.68381,0.00000
535,0.00000,-182.82242,68.75324,0.00000
536,0.02238,-24.45947,152.81953,0.00000
537,0.06282,-78.83282,92.44274,0.00000
538,0.01563,-59.79222,112.64637,0.00000
539,0.00000,-69.31837,115.14123,0.00000
540,0.07248,-139.45864,77.06570,0.00000
541,0.03038,-175.63570,54.90799,0.00000
542,0.02232,-95.23515,77.87418,0.00000
543,0.00000,-122.90559,99.99921,0.00000
544,0.12173,-31.39157,30.25470,0.00000
545,0.00000,-211.61526,53.63578,0.00000
546,0.09919,-170.67017,65.21772,0.00000
547,0.47737,-302.88662,12.79712,0.00017
548,0.14492,-121.92767,59.73821,0.00000
549,0.05799,-139.08615,76.34831,0.00000
550,0.05571,-165.11098,80.28789,0.00000
551,0.09228,-118.35109,57.60657,0.00000
552,0.03907,-61.92510,81.89713,0.00000
553,0.00000,-152.30310,116.84292,0.00000
554,0.07542,-205.59323,73.33200,0.00000
555,0.18218,-173.71764,42.40443,0.00000
556,0.00000,-216.92486,77.45288,0.00000
557,0.28913,-169.45073,32.91626,0.00000
558,0.00000,-107.10520,106.39643,0.00000
559,0.01619,-71.78366,107.72747,0.00000
560,0.18601,-153.22321,56.49415,0.00000
561,0.04031,-15.11794,40.66228,0.00000
562,0.01945,-132.88318,90.27851,0.00000
563,0.04406,-109.67613,72.24491,0.00000
564,0.07606,-173.73352,74.06371,0.00000
565,0.01663,-130.20438,105.18609,0.00000
566,0.31393,-288.83594,29.18452,0.00000
567,0.15529,-240.24665,59.12226,0.00000
568,0.01723,-238.39648,101.12473,0.00000
569,0.05187,-166.20531,87.32379,0.00000
570,0.03395,-73.65005,48.43132,0.00000
571,0.03603,-138.55188,90.49088,0.00000
572,0.00000,-211.84901,53.44781,0.00000
573,0.03800,-94.49730,83.62594,0.00000
574,0.01896,-84.38252,90.83330,0.00000
575,0.01723,-147.87605,101.13761,0.00000
576,0.13899,-104.35877,87.05576,0.00000
577,0.03720,-79.17327,85.89649,0.00000
578,0.01918,-116.03294,90.07678,0.00000
579,0.01896,-67.22494,90.83915,0.00000
580,0.05398,-171.42815,83.49773,0.00000
581,1.00000,0.00000,0.00000,1.00000
582,0.10840,-138.72366,68.72906,0.00000
583,0.12849,-135.50991,62.85019,0.00000
584,0.03801,-90.11798,83.54947,0.00000
585,0.01667,-82.31775,104.89709,0.00000
586,0.09558,-100.73893,67.04275,0.00000
587,0.24774,-212.29942,46.17388,0.00000
588,0.03627,-109.86818,88.34493,0.00000
589,0.10966,-103.44801,66.80516,0.00000
590,0.07452,-310.80388,38.29329,0.00000
591,0.03822,-105.93919,82.42359,0.00000
592,0.04472,-175.11852,70.98057,0.00000
593,0.10272,-123.40096,72.04656,0.00000
594,1.00000,0.00000,0.00000,1.00000
595,0.03263,-196.72046,50.63359,0.00000
596,0.01800,-102.55789,96.34597,0.00000
597,0.07411,-171.54224,75.21362,0.00000
598,0.06811,-108.57239,83.05288,0.00000
599,0.18334,-214.03708,52.55007,0.00000
600,0.00000,-124.74896,77.45257,0.00000
601,0.04733,-113.15581,66.15909,0.00000
602,0.01799,-94.07540,96.35665,0.00000
603,0.00000,-118.28870,87.48555,0.00000
604,0.14810,-242.24295,36.81457,0.00000
605,0.05550,-129.38019,80.69853,0.00000
606,0.03030,-180.76001,54.85623,0.00000
607,0.05798,-121.83403,75.57774,0.00000
608,0.01887,-76.14605,91.44070,0.00000
609,0.04404,-217.54490,72.28534,0.00000
610,0.00000,-66.22923,105.65514,0.00000
611,0.03765,-119.86666,84.62000,0.00000
612,0.00000,-113.60378,88.80571,0.00000
613,0.05559,-140.52650,80.54181,0.00000
614,0.07311,-133.88841,77.02582,0.00000
615,0.03343,-73.38175,97.33711,0.00000
616,0.00000,-78.65857,122.98612,0.00000
617,0.08733,-123.94891,76.11209,0.00000
